Termo,OcorrÃªncia
error,16707
icon,16135
support,14274
test,12192
build,9698
file,8552
formula,7430
method,6977
work,6486
bug,6375
default,6360
type,6031
form,6028
set,6011
code,5912
name,5452
option,5401
api,5387
install,5272
documentation,5196
class,5101
server,4826
data,4816
check,4496
query,4391
page,4356
exception,4246
windows,4230
typo,4146
message,4085
string,3883
object,3855
client,3731
field,3649
user,3554
link,3435
command,3284
function,3242
time,3062
upgrade,3032
release,2936
feature,2922
list,2742
cluster,2714
changes,2706
array,2706
methods,2657
search,2657
key,2642
script,2626
memory,2577
run,2531
validation,2490
line,2442
template,2398
event,2351
size,2330
parameter,2317
master,2316
call,2307
document,2295
log,2261
security,2254
model,2222
sql,2200
header,2197
mode,2185
connection,2175
process,2173
filter,2132
system,2110
fail,2103
view,2090
source,2086
debug,2038
core,1987
compile,1970
database,1958
attribute,1944
case,1943
table,1913
tag,1908
format,1898
variable,1879
module,1871
deprecated,1843
configuration,1835
select,1804
mapping,1795
input,1779
replace,1753
package,1752
block,1748
runtime,1737
number,1729
delete,1663
service,1643
property,1634
loading,1627
read,1586
classes,1562
image,1559
argument,1551
reference,1540
access,1538
patch,1533
open,1516
backport,1473
based,1464
context,1437
clean,1432
controller,1430
library,1422
button,1418
hash,1410
status,1366
active,1344
map,1341
leak,1330
menu,1324
single,1322
static,1309
action,1309
import,1305
current,1296
port,1291
logging,1286
syntax,1248
write,1227
branch,1221
testing,1219
regression,1191
base,1187
migration,1152
language,1139
flag,1126
readme,1125
deprecate,1107
interface,1090
component,1082
target,1082
address,1073
encoding,1065
remote,1044
end,1043
result,1037
element,1029
binary,1018
bit,1011
copy,1003
environment,1000
configure,997
stop,997
dynamic,975
max,974
parse,969
engine,964
loop,949
double,943
window,939
stack,939
control,922
range,916
condition,914
handler,912
information,904
native,903
web,899
scope,878
application,871
storage,868
bar,865
authentication,864
note,858
break,847
record,837
grid,821
gui,791
sort,785
logic,785
socket,783
namespace,774
loader,770
resource,759
constant,750
container,741
box,735
fatal,731
adapter,730
metadata,729
specify,726
detection,712
layout,702
point,702
tools,700
passing,689
network,674
toolbar,674
character,673
relative,672
optimize,668
tree,664
compatible,662
position,659
escape,647
entity,641
label,639
domain,637
cms,627
serialization,617
raise,616
title,610
refactoring,604
export,601
services,579
entry,575
join,572
forms,566
boolean,563
background,563
parser,562
random,558
pattern,550
bind,547
manager,543
increase,537
trigger,534
partial,528
scroll,519
mark,516
pipeline,510
blank,505
structure,504
expression,494
redundant,494
integer,494
job,492
statement,486
operation,480
development,473
common,471
debugger,467
tool,465
queue,463
vector,452
abstract,452
word,449
initialize,444
execute,441
trace,438
notification,433
annotation,432
execution,432
allocation,432
verify,432
secure,427
selection,425
processing,422
special,419
operator,411
flow,403
byte,402
ascii,398
optimization,392
modal,391
reflection,380
processor,379
pointer,368
inheritance,364
wrapper,360
deep,359
forward,354
insert,351
raw,342
flush,338
automatic,337
conditional,337
management,336
replication,333
middleware,332
aspect,329
disk,325
legacy,323
provider,321
real,320
rule,318
pagination,318
stored,315
big,313
matrix,310
sequence,302
virtual,300
widget,300
layer,298
keyword,293
row,293
device,288
assembly,287
track,286
design,284
machine,283
correction,278
backup,277
compression,276
actual,269
fork,264
requirements,260
batch,259
encode,258
decode,258
precision,256
linked,250
front,246
overwrite,244
delegate,244
macro,242
heap,239
dirty,232
functional,231
padding,231
locking,228
declaration,225
cloud,223
manual,213
invoke,211
sensitive,210
aspects,209
decimal,206
power,205
tweak,205
systems,204
deploy,197
rate,194
blob,193
cursor,190
prompt,182
interpreter,179
authorization,179
program,177
alert,173
decoder,171
convention,170
corrupted,168
orientation,165
protection,164
assign,164
center,163
boot,160
soft,160
encryption,160
listing,158
reserved,158
day,156
dictionary,154
literal,154
backward,152
facet,152
perform,151
atomic,149
coding,148
converter,147
algorithm,144
increment,143
applications,140
architecture,140
breakpoint,139
identifier,137
recursion,134
lambda,133
composite,133
checksum,132
encoder,131
collapse,130
notation,126
hashing,124
specification,124
declare,122
invocation,122
truncate,121
interchange,121
cell,121
localization,117
ide,117
bundled,116
aggregate,115
loss,114
robust,113
compressed,110
instruction,109
wizard,109
infrastructure,108
eof,107
distributed,106
paste,105
dimensions,105
portable,104
stub,103
overload,102
floating,99
nesting,99
quality,99
iteration,98
dll,95
mining,91
sandbox,90
mask,90
delivery,88
online,88
hardware,86
undocumented,85
software,81
graphics,81
delimiter,80
primitive,79
synchronization,77
derived,73
normalization,73
minimize,71
overhead,70
integrity,68
flip,63
availability,62
learn,61
opcode,60
spatial,60
viewer,60
marshalling,59
abstraction,59
procedure,59
learning,59
builders,58
browse,57
charge,57
cost,57
decrease,54
programming,53
product,52
computing,50
bubble,48
decrement,46
reboot,46
compound,44
sampling,43
exclusive,43
licensing,43
ansi,42
motion,42
eol,41
pane,40
candidate,40
stateless,40
portability,39
associate,39
advice,39
looping,39
concatenation,38
integrated,37
business,36
unpack,36
accounting,34
driven,34
glass,32
ee,32
dimension,30
structured,29
ternary,29
unusual,27
seat,26
assembler,25
operating,25
adaptive,24
arithmetic,24
operand,24
packed,24
digital,23
treatment,23
warm,23
analog,22
bitwise,22
cleansing,21
inclusive,21
acknowledgement,21
overloading,20
prevention,19
administrator,19
routine,19
deduplication,19
oriented,18
ruler,18
alphanumeric,18
entropy,17
subscript,17
encapsulation,17
underflow,16
relational,16
dso,16
graphical,15
zombie,15
bytecode,14
solutions,13
proximity,13
simulation,13
interoperability,11
configurator,11
quantity,11
rtm,10
concatenate,10
hexadecimal,10
cycling,9
enablement,8
taskbar,8
annotating,8
parametric,8
polymorphism,7
justify,7
mathematical,7
applet,6
independence,6
archiving,6
recalculate,6
standardization,6
backdoor,5
authoring,5
firmware,5
justification,4
virtualization,4
outcome,4
bak,3
drafting,3
sensing,3
tiled,3
assurance,3
subroutine,3
megabyte,2
unstructured,2
creep,2
exploded,2
overlaid,2
congestion,2
recalculation,2
edi,1
executive,1
portlet,1
electronic,1
upward,1
multitasking,1
widow,1
initiative,1
pseudocode,1
cooling,1
algorithmic,1
codification,1
itemization,1
integrator,0
to,0
low-level,0
or,0
of,0
and,0
pop-up,0
self-extracting,0
time-out,0
aspect-oriented,0
autotracing,0
binary-coded,0
webware,0
nor,0
single-user,0
plug-in,0
business-to-business,0
repaginate,0
casters-up,0
not,0
siem,0
cloud-based,0
cross-compiler,0
bake-off,0
computer-aided,0
type-safe,0
datalog,0
pull-down,0
public-domain,0
moving-bar,0
manufacturing,0
dsom,0
terabyte,0
microcode,0
double-byte,0
two-tier,0
real-time,0
attribute-based,0
fall-over,0
file-level,0
read-only,0
dsi,0
block-level,0
break-even,0
microservice,0
i-beam,0
business-to-consumer,0
outgrowth,0
filtrate,0
generalization,0
subprogram,0
abstractedness,0
overcharge,0
reinforcement,0
ramification,0
